rank, address, quantity, percentage
1, Venus: vFIL Token, 251962.16683100490081566, 4.1238
2, BSC: Token Hub, 149894.48275597, 2.4533
3, 0x7dcc03aa0129b8b07f2c323391f8abb0afb76c52, 149439.993584754197142103, 2.4458
4, 0x2407b9b9662d970ece2224a0403d3b15c7e4d1fe, 140053.888, 2.2922
5, dForce: iFIL Token, 119811.077098055816367254, 1.9609
6, MaskEX 3, 111819.340329085676662331, 1.8301
7, 0x4aa6823963eb48bc1c931f342f8c83712400454b, 106390.445677874689178917, 1.7413
8, 0x52a499333a7837a72a9750849285e0bb8552de5a, 94985.693586566088177915, 1.5546
9, 0x8ac5f00610ca1d0f3c6c1462378792c99469b38a, 88938.62087, 1.4556
10, 0x7a63415745ea446c930e1582e814af341c75a33a, 75237.87198, 1.2314
11, 0x1f06c7e323bc3a5c94bb6b760c128830cdf6adfb, 74781.933522149107319269, 1.2239
12, 0x45a829eaeba1086495b3334c9eb414a6e4da2d70, 72844.798, 1.1922
13, 0xc510e553e70187ae5e823ccbe442c7f070643ef2, 63861.21757, 1.0452
14, 0x47ce50339162b2374dfb1dff0d7915804a2be665, 60932.041514238852172497, 0.9973
15, 0x46533f26eb4080e2050e3f8a3014aedf7b5fdb12, 59999.983, 0.9820
16, 0xd9bccbbbdfd9d67beb5d2273102ce0762421d1e3, 59102.741692685980922772, 0.9673
17, 0xbc4d30e2259bd3e853f5615ebce857eeaa4ebea7, 57579.344893041469101983, 0.9424
18, 0x2d196d7643ef097eb9e248387b96ca6afdd1eb2c, 53849.095721865245032509, 0.8813
19, FENG SHUI COIN: Deployer, 53238.166290900853757462, 0.8713
20, 0xedd585b2ea9406eb769b09af53333a82f53af035, 50487.244246436924335659, 0.8263
21, 0x90c183ae296ebd3b46c0a6c72de43ae32dc13e5e, 37253.98375, 0.6097
22, 0x7b1e5611f27004ec59c36aa38d3b772579577a89, 35718.25800001, 0.5846
23, 0x8bf6fd55845d30c4a5befe7e0ac046005e29a3ce, 31148.83958735, 0.5098
24, 0x7f4b2cb5c94a3618a4d77113c082e82a07da0553, 28293.110102880646271891, 0.4631
25, 0x379d16a0dd3ca0e8b9a96fc2ccf372d75ea39a8c, 25000, 0.4092
26, 0x878563de2b21f7604fb795759017ae2846c88885, 24994.464371009793561625, 0.4091
27, 0x748e75bc06ea5e18722a18e1373c6794f4969c45, 24965, 0.4086
28, 0x59a32bee18633ee53a5aeee28f2affd4ba47024f, 23488.272855440034195972, 0.3844
29, Binance: Hot Wallet 6, 23162.258324554771082627, 0.3791
30, 0x4bda629a6987fbe56120e8e9d3b49dfa6d5711ad, 22279.81984, 0.3646
31, 0x29a1b07a62243d44d64364a2377fbdce91e1cece, 21100.227165985970864507, 0.3453
32, 0xc001545e27b759660dc4330f270eaeee368e5dc1, 20550.392477331897628544, 0.3363
33, 0x300ea6b990376a8730505d1502537b4b35c9dfcd, 20000, 0.3273
34, 0x032c701886ad0317f0e58c8f4a570c6f9c0bbf4a, 19651.561699378829818852, 0.3216
35, 0x551568a9430b888f93d31fa6df4973c55a6c667d, 19614.892588, 0.3210
36, 0x7e509e57e6f4e04aaf27a60dcc97b79f9bc57cff, 19318.046340009999819776, 0.3162
37, 0x8cdd1dab2b16fed62e091734db6cb014af9caf49, 17747.96274058, 0.2905
38, 0xbda96b765ab445394fbd8a128c7fafa13f85e9b3, 17392.43907, 0.2847
39, 0xe4276043484881c19c78d0276dee1350eb36cdb5, 15140.256926624486728284, 0.2478
40, PancakeSwap V2: FIL-4.0v2, 14204.464593821595668278, 0.2325
41, 0xaf46b1dc233d2861a892d08c142087113b5ae218, 14116.9, 0.2310
42, 0x4d5fa1839aed8dce51c5fe3bc23f4fc08e02702e, 13657.09206680000003, 0.2235
43, 0xd952c06cd22361ce5538d357b8f4f09f6f198641, 13651.680453558871886629, 0.2234
44, 0xda4f0b12e01660fa4ad1c2a0f47457e7c438bed4, 13443.75676, 0.2200
45, 0xceb28c35e07ce9d37995b36ea4351d02d8b87873, 13000.257401916683037981, 0.2128
46, 0x6e4cb088a3de9643fe9c7203a18c8d271bc5411e, 13000, 0.2128
47, 0xca6769d96762fa4cf0256eb4e1d11d9cf6f6a85c, 12988.118499, 0.2126
48, 0x6270deadddf25ccc6e87993016d0cd886c1a67d9, 12936.262953, 0.2117
49, MaskEX 12, 12870.65, 0.2106
50, 0xe98b9b52060eb1ad70204bb9b39bf912d91c9915, 12503, 0.2046
51, YouHodler 1, 12250.939347395500485184, 0.2005
52, 0x13f2653beb7f8207c96649aa28da45e2d0823e92, 12029.595078, 0.1969
53, 0xd17ed6e80c7642ce369a44702b373ce54b5ee6bb, 11943.81038, 0.1955
54, 0xd492728acfa6ae0cab41b414532c529815e8028e, 11289.7503, 0.1848
55, 0x366d8e4e322ce5a5cdb644d6a20ed04b67a372a4, 11253.3452, 0.1842
56, 0x5fca0380a98444b01d9417ea2128bfd50adeca25, 10936.76485, 0.1790
57, 0xe06285b497ac3e0f35d76951855fd551922baaf7, 10855.937826, 0.1777
58, 0x8fdd8c62bc013ec7ca31f6f0d366a2784778400d, 10801.91398182451410946, 0.1768
59, 0x6666bb5239b97655b4f91dd24096a14ca10f4143, 10800.371949051648385103, 0.1768
60, 0xc25f819ec68dca18f3fe617a8040364e2f757d5e, 10706.881798993726643066, 0.1752
61, 0x3b580547b26c068dc12872bf94bd332d435e2992, 10626.080758401171374153, 0.1739
62, 0x681790189ed7ff6df59b4b1f760f9546e7e04732, 10365.653266009522163053, 0.1697
63, 0xb64544f555cce219ea362abd5fb8dc70d8c7f4a8, 10143.76359, 0.1660
64, 0xf0082c4e3f5f502c33c940d04f764ea239db26a8, 10139.86847, 0.1660
65, 0x706197702882dea69cd8c700dd1cc99d9c0dbd05, 10001.926, 0.1637
66, 0xf5869ae75d255db16d69974e1b72c936f2d2d61f, 10001.062, 0.1637
67, 0xea82b29fb271037419f3f0d5f83f8f08699a1b42, 10000.978, 0.1637
68, 0x66f7a27c209b2483dca3dc364648a026b04f6e0a, 9989.966, 0.1635
69, 0x51e2678e7fb29d2e5f201d41cf3417b4c1aa72ba, 9835.58192503, 0.1610
70, 0x36cb12ababb149df44a4b1a2741e20c6d1a5e2bd, 9763.593780328928043106, 0.1598
71, 0xcaec8648dbac41b6504a8e408892931796d67d87, 9584.652993899236287604, 0.1569
72, 0xf6355067ce4830d1a3619311f68c0f8d8bbe1228, 9490.921, 0.1553
73, 0x1d894099b81e178c63cb558b6aaa5dd79ebd4da7, 9439.6906, 0.1545
74, 0x957d53722e2ceac44703bf8f68d157cfc73bcdca, 9260.528258715918329248, 0.1516
75, 0x487e23d31d0100791309baae0a909141e439e4ab, 9233.9368, 0.1511
76, 0x185dc1b737e69f1c65876f0122c3a868ae55c57f, 9215.033544, 0.1508
77, 0xc175ad4523ee23581e08a50bc1d4980fe63af0a7, 9018.162024, 0.1476
78, 0x155792f69b81eef98ec2e3bb54ba5314f6687eeb, 8997.88020312, 0.1473
79, 0xb7e97a3c9d75f81931fe1159b5a917535e35252e, 8951.42933649, 0.1465
80, 0x422965b9514fff24ef2f2f42205779a40ef6284f, 8547.624, 0.1399
81, 0xaa3b1fdc3aa57bf24418e397f8c80e7385aaa594, 8425.831916823631241172, 0.1379
82, 0x89934cf95c8ffa4d748b3a9963fad13dba52c52f, 8248.647170385623574922, 0.1350
83, 0x6a116b531eb60d4f5e2ab31fbcaec5c962865f87, 8099.9518, 0.1326
84, 0xefafad131feb58fffd1ccb7937495ec5025f205a, 8000.14133, 0.1309
85, 0xacd609701dec8f20a611e77c93814aa529a04cc8, 7621.204926567550949521, 0.1247
86, 0x6831914fe5bada59c46cb8670038dc67dd7b988a, 7591.43194, 0.1242
87, 0xb5fb13e5cc8906e9e4eaf36ad73a2ff05669f2fe, 7533.921492496614071105, 0.1233
88, 0xec7e706bef9f1d4b9db3492aa2d551a6cd7884c4, 7527.3972, 0.1232
89, 0x19509351621ca7e26347169ab95b8d106c46f56e, 7482.5315, 0.1225
90, 0xb106aea14e33e65a28c863d8e954e31ae1c77427, 7469.943, 0.1223
91, 0x1a248a3bc16cedf5747246d29ebefa8b1b9f506c, 7336.45340172, 0.1201
92, 0xc2ea576699359240338d8ad06833b6bc9286dd6b, 7259.97358464, 0.1188
93, 0x6e8675d30459f5ff9fd73c4f11ec87135c744592, 7200, 0.1178
94, 0x590e3258d27e3520d86d9ab8a157754136b2f303, 7140.41759675, 0.1169
95, 0xea536b5be83a0762e42f34b5ec973253466ded5a, 7099.911, 0.1162
96, 0x5959eeacda3652cf3816af17242fc6cb78f66e5c, 6866.976, 0.1124
97, 0xcaabda10a3ac99fc15f5b636aa18e6b4fd8db16d, 6690.816581947281321553, 0.1095
98, 0x3fd9d0fe3d9b5cf7cd2ae56c16aec5b672e7296b, 6618.01508517, 0.1083
99, 0x54eeb2600cf9144f1d096c562be7f623395f3e80, 6544.387389146149268523, 0.1071
100, 0x727ee45e05ec854d82fdc76cec9324aeee399cf5, 6514.612, 0.1066
101, 0x5ca9120fa24ee977039812848b376de6beb3936b, 6484.525562100360353152, 0.1061
102, 0xcd7f6484710d5321fd9afbc9159c182d39a08e3c, 6480.12262, 0.1061
103, 0x08f594eae855fd0d14843ddbef31a25df0a3a8bd, 6411.27301, 0.1049
104, 0x3bd98f1cf11ec7ca727072b95345d00049f441a5, 6251.53044012, 0.1023
105, 0x641c7a531d7d7463aa4a81ed651102e90f6b0865, 6206.144323091005400652, 0.1016
106, 0xe7d9c87f4d8f2c397015b0e5fdeeecb3cd4d98da, 6119.515369370011771, 0.1002
107, 0xb56ffefe94b19864a6927727b9323c7d6eed8880, 6057.38631546, 0.0991
108, 0xfea8cc60e722d29292392b4822b8b027e07f59f0, 6037.40840183, 0.0988
109, 0x0ee38ea6c044bb4ec2fbbca09e043e4c52adfe80, 5955.31299293, 0.0975
110, 0x45b8d65d8e0a1d51489ffb2e658ade217c4504cb, 5817.893635851590564414, 0.0952
111, 0x33c8c05b707034b3d62b95d3b3c994fde63d6619, 5801.628526733684945535, 0.0950
112, 0x76bb8f88e5fff15ef2ddd6c65986e4de49c2f9d2, 5789.874011514967792607, 0.0948
113, CoinDCX 1, 5750.981, 0.0941
114, 0x7e381ceb32b7657b578f57420b3da0756872ad08, 5708.862037733269121012, 0.0934
115, 0x7cccf66db1a0d4069a52a0c26859edbc34177065, 5701.144654215621378466, 0.0933
116, 0xd093718863716614bd87d6be8c1186b8cfc7c458, 5595.036, 0.0916
117, 0xb3be691b13861fe467b18fc8d4334c58a7a1b090, 5501.92890803, 0.0900
118, 0xee8a436843bfaf3bef0bb22f802c5b97f0d7d21b, 5499.22401, 0.0900
119, 0xdd72d83ff848bd46e3c45085aad9235f023ae88b, 5416.47101901, 0.0886
120, 0x445d1e06dd190626aae5fc243adb18cddccb0c0a, 5305.724817561882653179, 0.0868
121, 0xac9caad432a2914ff74fabcecd94d52520eba18b, 5288.579290496478899451, 0.0866
122, 0x81acebb79989538fa719df999b0b16e1f810670f, 5285.59499999, 0.0865
123, 0x6857bec2f02b9b15548fec6f8ddce6d18306df7d, 5247.328489619711801933, 0.0859
124, 0xc78248d676debb4597e88071d3d889eca70e5469, 5178.991894596278113591, 0.0848
125, 0x53282b28f652f2eb8c7eeb45e226f19829b16fb4, 5143.609342362709720473, 0.0842
126, 0x844574f24f7fe59c35279d6f5e0e023d135dac6d, 5140.41535756, 0.0841
127, 0x80c67040b1662d2fbff842f8455722b9fd18c87d, 5139.03374784, 0.0841
128, 0x294c954bb6c10ceabcd9ae1b4dc4c783453a62ba, 5120.06059505, 0.0838
129, 0xee15701d05999c1fa03802496bd0510e27277391, 5112.059771247407872, 0.0837
130, 0x191d96ce40b0abd52bc5c449d4260716cf686f6b, 5105.33344845, 0.0836
131, 0xe9be23f8356e1303eff0fe4e4166652a33245217, 5018.41996228, 0.0821
132, 0xd25f7bc0a68cfa565e53ab7e6312e92e29769876, 5013.104, 0.0820
133, 0x25d1b19c5fee255c92769383fd907dff43e9dd8e, 4984.9807, 0.0816
134, 0x2c7ec936c16d94cd46bb3f88d929171b2f77e919, 4915.364280118953222435, 0.0804
135, 0x2164ed9f5e0ac69546205104f23e5be32d3181bd, 4900.08727718, 0.0802
136, 0x22812c401a1efb88f6f57b1f336d3e6ae029dca3, 4890, 0.0800
137, 0x40dc071bda60d2ce4a6df9a8ff6e959a4b812dfb, 4814.908635999999999998, 0.0788
138, 0x77ba919b4516b7950e45b6b7effb44a4e29c32b0, 4771.513792, 0.0781
139, 0x59496b0b68dd3226bbc4ba6c1479c292cb87e762, 4768.93980198, 0.0781
140, 0x1350a7adb979a391243cdcc4f561d2fd0fd19898, 4768.806363948621822994, 0.0780
141, 0xa81b4728b7697161c80bab51ad4489b0c6d9dbba, 4761.139, 0.0779
142, 0x45feff877c7db0bba2ea4947017f5ddd48dfcd14, 4664.600599999997805973, 0.0763
143, 0xdef3edcde8cb4c907775becdc2d42565cf4a99fb, 4619.496502607713257831, 0.0756
144, 0xa77ed1170a5614e358572b9b6270ba30814e19af, 4574.56, 0.0749
145, 0xe704d85385f00d943e32519d48ebd7ccb4591ac8, 4558, 0.0746
146, 0x92261c6730250dc4ac46119dde70953282f861cd, 4542.118539682043527889, 0.0743
147, 0x493144718a78dfbef79f825ae71b29134b5cf60e, 4488.950862776760616429, 0.0735
148, 0x38c97ed335d1cbbd58949df0244d6abec3079025, 4474.07188070713341568, 0.0732
149, 0x441a7c1511fdacfc9965738c8690ba7e3f97ad93, 4370.296795306432868902, 0.0715
150, 0xe2cf7c1d5c2668afd79f2a21c87d5f91aeb59ef0, 4361.67073, 0.0714
151, 0x9458383f4c4378fa46ed9f06e69993c997880316, 4200.943, 0.0688
152, 0xc6180f17e7924b88f8e08b83c2d0767dabd6d196, 4172.302365119723682638, 0.0683
153, 0x378466e996503858dacaca503a8e6afe72521868, 4146.1107956, 0.0679
154, 0x93376bffc0991f5f51d2141ab6aa6b84be99b040, 4145.95, 0.0679
155, Hotbit 2, 4100.092847033925461042, 0.0671
156, 0xdc5e072c4622b4024c8e7174b109a1621c46d2d3, 4085.510986509303347287, 0.0669
157, 0xc1196598724a3c9cc9f5db16dac22fbd2750b50c, 4022.15, 0.0658
158, 0x9338f76553ef5432dd275b080895dd96c0f8f68c, 4020.893681108078790198, 0.0658
159, 0x146eb8959587939b9b20f804b90c867f3e498321, 3980, 0.0651
160, 0x36a593a8458694b8eb5a0786b6253e639e57edcc, 3948.449162237199501098, 0.0646
161, 0x2effd9776a8faacabc22008a31960d321385105f, 3945.2028071, 0.0646
162, 0x04bff11ab06931b509e6744b2dbbad941d8808fc, 3920, 0.0642
163, 0xa6d97792f915f64cf31655ac4a7dbe18d19d95fa, 3915.91285, 0.0641
164, 0x2d527eb5c2d621a2d8abc643909aee4bf4a21af1, 3907.877913, 0.0640
165, 0xa1bc37889d2820503b676059396200e9321b7c44, 3872.38486836, 0.0634
166, 0x4547ce6134b9d5ca0fb9f81778ab1afbe1d8bc27, 3860, 0.0632
167, 0xe98c6702d4faccd2f44715b4f89eceaa8b8fdd20, 3840.224120809263381351, 0.0629
168, 0x553935296d9255bb2d90c00d4bdc4b0668fa770e, 3820, 0.0625
169, 0x1fd07c9490332e83e03dccdb4d8508e31e578d5d, 3806.628984499022122225, 0.0623
170, 0xdc1e1b6d1cfe5e936a95a815976ed2b34343e4c0, 3804.60651548, 0.0623
171, 0xd0040c9a392c0b24e0f1623366c91d3c5194255c, 3795.50249383, 0.0621
172, 0xdb7c567295b4517bb6997b22bd853e7dce9ed890, 3769.911, 0.0617
173, 0xb3a874c1f05ee84a5d5d2e09db83cc912f3bbdf4, 3760, 0.0615
174, 0x0adf10bf42a295f1a0a56c270ad2af565ab1fdb0, 3760, 0.0615
175, 0xad8bbfa78f96209d9e65b00f97d0ee520418874d, 3741.72651, 0.0612
176, 0x356f029fb2f673ca083ea223d5835f4ac00539dd, 3715.96767077000004044, 0.0608
177, 0xde91b5d96dd4c19f89a89fb21fc48c75f7226e15, 3700.803846599120583194, 0.0606
178, 0x8976c85b81eab49ac59ef6179d2829c6ded24457, 3698.687138481373125643, 0.0605
179, 0x7042d4a71556020b5769d5b5e7a47d1622500acf, 3685.08669172, 0.0603
180, 0x3250ddfe4959faa7e32c3e516334fac9f499d5e1, 3647.07120499881843, 0.0597
181, 0xdd9436c6f9423a34e7c1a00e32cd8094184bcf2c, 3640.76119595, 0.0596
182, 0x00f51bdbe568816ce1226cf8a7e0734dfc1bc23e, 3640, 0.0596
183, 0x96c256e78c9d9daaa5dd6c59cb6f7692ca76eaf1, 3637.178620108098502776, 0.0595
184, 0xb9d342bcdcb46e286774a6c01cc58a3f3f1661ee, 3620, 0.0592
185, 0x5ec74c04eed6f825caa4e30d4e28fd7641cf3454, 3620, 0.0592
186, 0x6a6610fed2c7b19ad3a8bfad1f859022ba30b07e, 3600, 0.0589
187, 0x6e8aa3b1f3bc9226f26ed1d84f6d17c84b152636, 3600, 0.0589
188, 0x1a10defa8f8e8d10418181db2babe737dae36798, 3598.177569216025301872, 0.0589
189, 0xda95d5d8c70f4c64af7009e0149df299bbe26311, 3584.919775616709572519, 0.0587
190, 0xdf59562dfb73412927f32fcd7e680ef46c3f239e, 3557.484701829860058102, 0.0582
191, Filecoin: FIL Token, 3502.818500737294390431, 0.0573
192, 0x5ac8e5280772c9d2fc451c42ed72d69fbd699840, 3499.5891415, 0.0573
193, 0xbf52dd7e0b91a0b30884c326b33c765e8882c180, 3440, 0.0563
194, 0xc317cbff68139c4b417782402796b6a4b287e83a, 3434.0940611, 0.0562
195, 0xe8df6150027980cf8301b295a1001d66e8ce1d64, 3399.10392697, 0.0556
196, 0x35c126cac6ce8ec3bb560246ff9fcf2437828e44, 3380, 0.0553
197, 0x6088c7773feffee11a20910088dd03b4916c7b7a, 3376.05935576103637786, 0.0553
198, 0x398deb5fc531ed0be5886b507d1a636947f5918d, 3353.06969, 0.0549
199, 0xc6e8e9f63fd72f3fdf4b138444228cd5fe9d2272, 3300, 0.0540
200, 0xd20d3f901fe7a6b7a791d7e38f851bdfb2d25afe, 3280, 0.0537
201, 0x11a1cc9cc07beebe5cc15ec2f7cba39d68c87a84, 3277.908, 0.0536
202, 0x4955f152698f3c63197d31dc9a23ade8f872f4bc, 3260, 0.0534
203, 0xdd1f16f4e67b5439711a5732b3d4e551524aa3d0, 3240, 0.0530
204, 0xea64c584e3907231054646be86f818f5a1547c27, 3240, 0.0530
205, 0x2e2413ca9cf5117a6ae84f69a10ebc99379b79f6, 3236.393909953395825829, 0.0530
206, 0xaa09326dbee08502568b989d0c6b6ec0edfa7995, 3220, 0.0527
207, 0xfb22d25c94d44f3a73b5edcbe8a8da406058feac, 3198.108056496912658698, 0.0523
208, 0x3bbfcc6e0d3734b2ed59607f042156c6c2a064d8, 3188.148738, 0.0522
209, 0x1dcd8be86e55e14ba9269413545e916865d2148c, 3183.741993445, 0.0521
210, 0xbf6ba670dbbb43d9e361446c65f7a19c25e433db, 3180, 0.0520
211, 0x18936d40fbaeb66c432818dbf22af0640da9d07f, 3180, 0.0520
212, 0x021800fc66f608c0ef9694290e4cb2153ff43ca9, 3175.588081452643619976, 0.0520
213, 0x9cd34f5fa1a1885bbe9f945020a1828ae38acf23, 3160, 0.0517
214, 0xceae7673553c90d0a3cd1a494da35ede63910cbf, 3141.77445, 0.0514
215, 0x884ce891e2b854f6fcb51dee9a11d13b2a14a174, 3133.12727973, 0.0513
216, 0x0c2d6630297db7682294f82292aa36f11130ceba, 3128.7628, 0.0512
217, 0xe859a7f41ae3f50c7df732d33bff21952867fb44, 3124.6607, 0.0511
218, 0x4fce4c7b4d44d2877451048cc70f4f6cc0f5b698, 3123.848, 0.0511
219, 0x68ea57d65de48f2f65614ca0f3463023a4cea31f, 3120, 0.0511
220, MaskEX 10, 3108.58605644, 0.0509
221, 0x38583518f8d33e8c64be811ffa6df64db67097db, 3100, 0.0507
222, 0xb38081e3d47ad8dcd7307f4184e656ebec1714f4, 3060.14144602, 0.0501
223, 0xc107fdef68e7bc78ee989f587d80c4f9419be57f, 3060, 0.0501
224, 0x2037996b269578ad26cb6da2023ca49498d46c8c, 3034.927, 0.0497
225, 0x8ae84044ee9c73e3a3e777a619b0741b97d1784d, 3030.45102613924026392, 0.0496
226, 0xbad61bcd82a72af581fc7733a5a6d467691463a7, 3015.1728489, 0.0493
227, 0xf0338dfed79b3a3a83ccc1869fa580fcf877499d, 3004.62703, 0.0492
228, 0x1532440e7e852721a07d3fe2ba1e93d2d97dac42, 3001.849815928552139974, 0.0491
229, 0x974d210a6a097010d10bba6b90a6e9efbc17e263, 3001.809847001072321121, 0.0491
230, 0x953b67d5dd48e17ebd2bbe6173372f87525ea355, 3001.745188684660323123, 0.0491
231, 0x0578a0ea3c17316a6209c50c6e0ae57034ea7f5f, 3001.194748858556832, 0.0491
232, 0x86d3bda505472cb855eac1ac751358794ef9a06d, 3000.974, 0.0491
233, 0xa0449cc854e9a47820c715d16a04b7c3318c7452, 3000.712181967170950687, 0.0491
234, 0xe4859d9f7f5b993df7b14dc586ce7558cfa7b687, 3000.32202, 0.0491
235, 0xfd1378e0aedee71bae0b32a75382407341e0cf17, 3000, 0.0491
236, 0xcc3c23a85e55ab7a3aa541e77a4a3dd9f1b29c57, 3000, 0.0491
237, 0x35564198a325c9cf67e088b4fe9a0443912984a8, 2998.82425, 0.0491
238, 0x0dd17d620388e2a24b57c20a3f26b7d8356ede5e, 2992.09520481, 0.0490
239, 0x6dea24330d1fe71fe6f5d11f432542086812742a, 2986.2516, 0.0489
240, 0xdaf068559604549698136079986a16a2b219197b, 2986.11058080947104571, 0.0489
241, 0x8bbf1e4c16b7d89721970c3742c5cc7f32fb6671, 2980.101820184569617457, 0.0488
242, 0xf7998ba4859ef8c351cf224f194c155eed391647, 2980, 0.0488
243, 0x8a13dd69ca91e48136498730e2db4a555bdae1bf, 2960, 0.0484
244, 0xd893f8878e01f6963002e674b2490253908a822a, 2940, 0.0481
245, 0xaf9e8eb2f73c8c007e2769747f37debcd0e56ca8, 2920.460454706175570031, 0.0478
246, 0x5b6ac085d82017e6d0b42e8d06eea646a79a9276, 2919.625554, 0.0478
247, 0xc88c472e2160678fcd22960ba33800ba76affd31, 2915.276023098038312204, 0.0477
248, 0xb1c19e9409782d96366029bd8e93190c7eb2d11a, 2900, 0.0475
249, 0x6a5f036577788b33405134146751e0621700848f, 2898.080474158870320004, 0.0474
250, 0x77a933d6abe4d5003f0918f8133019d03d60d863, 2896.39829703831866802, 0.0474
251, 0x39dd07ac211c33e796e6d89c4df9481e0b60ecfe, 2893.444431320252199801, 0.0474
252, 0x9e5cb852dda9ea1ba9420c2f149e060d08ff0c18, 2860, 0.0468
253, 0xf53d11aeab7c4a572bcf46febe927106a50744b7, 2853.43185, 0.0467
254, 0xeada8eb84e4af0ee6f7db14bcc5568d0924f54aa, 2822.991, 0.0462
255, 0x7a8999bd5c4ff275da8e6cb0c1cdb3ccb11164e2, 2800, 0.0458
256, 0x1896614c9a492ed3739ed95e251a1a6432858d16, 2800, 0.0458
257, 0x26431be6c411116942857df6a85268e7a123ea88, 2780, 0.0455
258, 0x150f4881248960c07bd0ba186af93d975f824376, 2757.9492, 0.0451
259, 0x9a6c4d78e8170bf7ff56b9b3305183d337f4fe33, 2744.127998743529555471, 0.0449
260, 0x467067c2fe1d2f55a456d6816b2d9272ec34c003, 2728.023861540391021008, 0.0446
261, 0x48e39b48e284cbf6161077026fe123d4b27fd801, 2699.916, 0.0442
262, 0xc6316adc1540567e1f3af0ce22ccf0f5aa729319, 2694.981, 0.0441
263, 0x23d1620c8eb7356fbb4dd316c91c275d15ff846b, 2692.51404516, 0.0441
264, 0x08ed0c0245e37d736504ee5eea005657552b1ec4, 2682.266951630456253586, 0.0439
265, 0xd07fab8af651007188ea6d519f6b06de86776d44, 2680.39412, 0.0439
266, 0x1da6ca50c82d8dda9a81c546bf4c5e2121de7216, 2680, 0.0439
267, 0x4d69d90a9146592938e3aef7a27c1f2e9bceac5f, 2673.58472, 0.0438
268, 0xf00aafc6240bdca3f72994dab07a8729183e04b8, 2660, 0.0435
269, 0x42fd191ffe543d578e368d17a7a3be925c649a4e, 2646.691020311891831507, 0.0433
270, 0xe989ef3118c685603b86123569340438ab670505, 2628.708106, 0.0430
271, 0xd181f7a4d60901d954ffa4b1d983d3dce9aeb331, 2620, 0.0429
272, 0x0aa9fbffae68742dc1afce0a0ce0c11234051c07, 2612.525318164071570934, 0.0428
273, 0x3c2f01b7677f43c8c6e8cae199827c61a000fbcf, 2609.516124027100278949, 0.0427
274, 0xe575a748f081901c78c68bda4bd150a63ba94897, 2601.088, 0.0426
275, 0x4aa33e8e4a3c9f2b72cb1e8c6933f0fd2a5db9fe, 2600.356109234822450476, 0.0426
276, 0xbdd2f8c1d28166ef2c59d3eacee0ca4f80de0382, 2593.98089578, 0.0425
277, 0x7c9a1310bfcc0fb7a1298df582efbe243b04acad, 2592.234320849360896713, 0.0424
278, 0x0ff25ac02d2908a0da6f84187b5385e4a2eea89a, 2590.6389, 0.0424
279, 0xe08758b0015f5ba96882314983c85fe428497c3f, 2568.331707266926776176, 0.0420
280, 0xad730a18bdf3e62b6711bf71fdc4eda2b65cad94, 2566.321675274396390193, 0.0420
281, 0xfb8d982fd36bcb7cdcdbd0a240bfa3c06e63286a, 2561.56267951363412455, 0.0419
282, 0x688e109e08aa6801a239098fbb010a1959908db2, 2560, 0.0419
283, 0x109d45a4957fb5f044ed56cbce87542b5eb02b75, 2555.188258844764100557, 0.0418
284, 0x26c6d3e310eba98389472d37c5deb89a72a4115c, 2553.299, 0.0418
285, 0xb2f24c7aa1af7aea1eb256617447719e6981a746, 2545.480016466932518699, 0.0417
286, 0x0f145e15e858e54f4c06d59f011d907a4a84eb2d, 2540, 0.0416
287, 0xb5262412696c000e1a9744e155ee7bc47dd37048, 2526.0069, 0.0413
288, 0xd1a4dee8ac8cb62794bfabe5aa0181fb678b580a, 2520, 0.0412
289, 0xe6914217b6fe2b7052a698a560a6b3a1e69f4366, 2520, 0.0412
290, Huobi 1, 2500.077245761489752569, 0.0409
291, 0x9748a19d07df3b8822f05f9cfc1790677006c60f, 2500, 0.0409
292, 0xb7b205557bce3d3a5bc6252000c72e029199d8d1, 2500, 0.0409
293, 0x51dd21ed78dcf938e0d69db66adf256d7161b478, 2500, 0.0409
294, 0xd63c151b18a9bc54bf9efe7fa6c4a3785d48b6dc, 2499.816840966880625193, 0.0409
295, 0x8a23e8dea607ff0864c6abd29644f403f1b4aea0, 2497.544556884337901328, 0.0409
296, 0x09e67f3d3cb7ec61f5f7ccd1bdc16430307c877e, 2496.124029106981713766, 0.0409
297, 0xb49916147b729ac54ff100c9ae5e6c706ede847e, 2496.10503, 0.0409
298, 0x81dc2f05bdbf201467bf9ae962d5088265eec13a, 2494.1237993, 0.0408
299, 0xa7fd1cd29540e431d452cefb27769777d6e7b8f3, 2480, 0.0406
300, 0x018cd9dc174c122a8b104a642613c64bad5bc540, 2455.09, 0.0402
301, 0x9913cee20f3a58bcb0fd9d6a0f70edd0566bcad7, 2440, 0.0399
302, 0x456325f2ac7067234dd71e01bebe032b0255e039, 2431.497871493603707506, 0.0398
303, 0xadef73f28a732d8ed224aefd67bc06c63dea0315, 2420, 0.0396
304, 0xa085401b455c6844af24a489c048396a50cb5139, 2419.1780045, 0.0396
305, 0x1c967d6e67a64555a209258e41246cc236769e99, 2409.96, 0.0394
306, 0x1dbe3d5947c068ee9bcfcbdf0e1b0a34fe885c89, 2404.10829062969113311, 0.0393
307, 0x64e607b75b5caadbfd8d7c3bd275010a1179f658, 2400, 0.0393
308, 0x59bb49d1a5bc5adae118aa1d98f4c156c538dc84, 2400, 0.0393
309, 0xaf8c6d16656c696daea8aababced554ba3b68b43, 2391.86918, 0.0391
310, 0x9cd04e81b4279702ef345f55a4c4183cdbf8e4d1, 2361.067297173184716958, 0.0386
311, 0xc5e0f1fa26738fa9adf94fb2ef9d89a1702ef578, 2351.5178808, 0.0385
312, 0x1ae2c359f1d81e7f07f1fe2a2956752d27409c72, 2350.56510868567676165, 0.0385
313, 0x736ab7a26b91d8570f88dbfc3d5be974ff5cf928, 2340.85809025, 0.0383
314, 0x4c8ab50d2cc2fedbd3fcf1c53df293d752e66a81, 2340, 0.0383
315, 0xdfe2788cf2af823a17b2df9538126c64c22ebf82, 2328.41375, 0.0381
316, 0x9f794f7fe7796ba0b7fe7bb3b4f9ad366006dc81, 2324.73700065, 0.0380
317, 0xeda7c00857966917e64a83afa12825a7b58ad603, 2320, 0.0380
318, 0xc9f45fc8e411c09d5f0487ac534953f407385cd7, 2318.009127939200163659, 0.0379
319, 0x97ac90fe0015c1b7bff95a000805dd684a9717a8, 2304.834360522670949126, 0.0377
320, 0xb33196027bc4d4ff5b14b199b35891fba10ce64c, 2300, 0.0376
321, 0xbfa19678af56428a5e7f1dff11400e04b87f7dce, 2300, 0.0376
322, 0x9581dd103b1f621771e843787dd8d250fb6bbd10, 2300, 0.0376
323, 0xe1c1123a90204ba8647cf0db0d0296a7c3a85949, 2295.519198306774763792, 0.0376
324, Nebank: D&W, 2292.698100784999999904, 0.0375
325, 0xe42cf087ad452daf72771e9ae4514f2e1c76420b, 2291.007744723116917009, 0.0375
326, 0xf5cf8b96862e24b1b2a6c03dbd816a95c280338c, 2276.038572800332534709, 0.0373
327, 0x5d7f7ee7819dedc1309b8f38049c343e7e7e0461, 2270.76414424, 0.0372
328, 0x721b7bfdfe33100e176db6e48a90e6dabce6cc8d, 2262.58, 0.0370
329, 0x12fdda02d1ba2f844edea12f768e175956c4144c, 2261.272, 0.0370
330, 0x684bf3496beb784b004b9ea2fb74cfa58445a849, 2260, 0.0370
331, 0x50d1c5494548b653d9b1f3579f1ba936d79ffe18, 2258.202189437508614431, 0.0370
332, 0x3e05f7e303b35d9e4a00cebf0b8badc0a0ca93fa, 2257.72993847, 0.0370
333, 0xdcc5ccc2c45a66309d82765f6ab81a50774ec04c, 2237.200316549757203222, 0.0366
334, 0x547ca66b4123b26fbf55d1c0be17245f50228a8b, 2232.385844644082569384, 0.0365
335, 0x0dabc37baac527c5fd893992ed2d89254606c109, 2227.790781822305170251, 0.0365
336, 0xefca63d221ae60823b58ec4d4a4b23f980db3b15, 2220, 0.0363
337, 0xb4fa10a7f77a10a0bf10df605a2be1affdf5dd62, 2217.61112779, 0.0363
338, 0xf838e1c2ff4168c98014ac7a6b092694d4753c00, 2213.544194, 0.0362
339, 0x0a4b0b6b06282ddd4aa890cbb44e45f6e364f85e, 2200.539646178138651421, 0.0360
340, 0xd1701725523c47bcae4152ca26771545d56a411e, 2200, 0.0360
341, 0xda43c54ce5083885f561e05fd6220b7096be246c, 2186.95997003, 0.0358
342, 0x5796bc21f969f29eb342e0fdff0b3d3d2d7c2479, 2169.981, 0.0355
343, 0x2258a4508f40a36f0ae6a63ce50d51ee877d502d, 2157.76334693, 0.0353
344, 0x46329fb3c942df7f71ed177e34684b70ade2b896, 2150.006173662931056811, 0.0352
345, 0xa4b62f6085b89c9411796e5eb8571748f2002c4e, 2147.786, 0.0352
346, 0x08caf1d27cee389538bc085ce09125f444dfbd3a, 2147.0289, 0.0351
347, 0xbbbaba69c198996fa2c2d8bed1c34918226f1b83, 2134.4043072, 0.0349
348, 0x0a51df458c04f8e7de67be2db574740fa9eaad1b, 2130.74480928, 0.0349
349, 0x9f6854e8c98677684c0773a68d2c70854b859eb1, 2127.44905, 0.0348
350, 0x798206415a4c093ea8a59d19808643a01346ff49, 2120, 0.0347
351, 0xbe92c3ff74f7e01077e770873fcccad93a36e0d1, 2118.080615459859450001, 0.0347
352, 0xb15b270a7c1b5401538c2934074c70bb10c25fdc, 2103.50836, 0.0344
353, 0xa85db90a738263650eb243341bc9822742f14366, 2100.2, 0.0344
354, 0xc9aa9545120f6c96e9446c12ea8e11b38244cd18, 2092.96736, 0.0343
355, 0x70609a13b5948f321cae6666eac0ca69fb929780, 2083.623643634969926554, 0.0341
356, 0xb1d43165484e44b6bc04097cbe35083345ef6a01, 2080.378532872506677893, 0.0340
357, 0xfdec604aa1ce639733022e7e5be5ca5e5e6beb71, 2069.604343958668211353, 0.0339
358, 0xd6dc2d3c2f257ad74ac0b460d82a24da00093969, 2063.6014, 0.0338
359, 0x7104ed3076a82075264309cae77e2e3757c5b015, 2056.556182427700139489, 0.0337
360, 0x533d6c81b8d53a8133acf0f2bfc12414c7125be3, 2053.194, 0.0336
361, 0x1ac06244690d3308275fca607c2654c07c78f213, 2046.55449, 0.0335
362, 0x2b4cb27069f1828b418f796c69637a8323fafc66, 2040, 0.0334
363, 0xca732ee6b514877fbc6b1a19315dc293571dbd2f, 2040, 0.0334
364, 0xfdd37a0f524d71145437266fb5b8326d1d074c49, 2037.02879, 0.0333
365, 0xbf957e1c121fa769580d29bf320ee8bff138ad12, 2035.28077201, 0.0333
366, 0xcdfd1c9e193483e8be7f8c7fbf6121c355dfb83a, 2033.82399352, 0.0333
367, 0x8744d77b230f8caa56b39b41cc0b1e767f769bd3, 2028.952, 0.0332
368, 0x28a9f437d2183be861d80e0d8c251a8b7fa92c8f, 2020, 0.0331
369, 0xecb8cbe870c68fe015ab2e9881f94db3f8ce450a, 2017.65922384, 0.0330
370, 0xe0eb9a18f9dd5993255ce4fb8f1f10638c0e9178, 2010.453, 0.0329
371, 0x9082e2664ddbad19511e5809164977f19da96e10, 2009.962, 0.0329
372, 0xc72de566783fa4779ff2550a7c8ccd6a0283c12c, 2008.288702882671579953, 0.0329
373, 0xc240a4597af46b3bd41fb93114676b9f88153f20, 2006.9479361, 0.0328
374, 0x82af1c9b9de61c4e2057ca4d749d3262e2b4b845, 2004.811024247725168867, 0.0328
375, 0x92484681f8b633e09e7060908f919647cdb72a45, 2004.702304065244702366, 0.0328
376, 0x5f96f7c89c85fc556208459464dbceb7b7175f5d, 2004.1394, 0.0328
377, 0x1070987db41a61acfacf5954de6fcc83e6b25dcc, 2001.44269369, 0.0328
378, 0xa6b7bc9896495c6f7c71c6e0b98e0a1938ce3fff, 2000.974, 0.0327
379, 0x0e4fb12be6b10a22242b11f22bc963439ddfd1ea, 2000.972, 0.0327
380, 0x6ad266d47d58a02c1323623073c6f423f0f763c3, 2000.45, 0.0327
381, 0x9e7d3660700900f96970b1ab8958fcd5be1e2628, 2000.252432393939074255, 0.0327
382, 0xa2c9e6cc8810f62fb64c76a35c447ce4096d56dd, 2000.0265, 0.0327
383, 0xa3d32371c6a78b5101b02703996fe2b35b0e7b2f, 2000.00669733, 0.0327
384, 0xd6d662aa109ce8666a3b8f708a12f61c2199cdce, 2000, 0.0327
385, 0xdc0d681e07ea8bf792d7a438bd93cb58ff5c57d8, 2000, 0.0327
386, 0xd04f77676e7edc1eb9ff2e09fd94cac20cf93106, 2000, 0.0327
387, 0xa17d0b64c88d0ea9e32a35d8370fbe155e0c284d, 1998.143835679906306234, 0.0327
388, 0xc3fe7c4be4e164613726d691ed27940a71fefa11, 1995.103921911144816845, 0.0327
389, 0x8fbfe59689376a726bc7f0c603c21a271d1acbb7, 1994.793499999617080426, 0.0326
390, 0xf50bed74d78ad127c217272bca2872a7bde69538, 1991.402724218710925568, 0.0326
391, 0xcd15965d4a3a660dfc3ff9049e6de34a485ceac6, 1980, 0.0324
392, 0x4f62cb7cfb6434cb093f1a017eb49a206549385b, 1972.62736, 0.0323
393, 0x7895361a1e3436d63a7e164a48357fe950c45113, 1959.987, 0.0321
394, 0xb82a723751abb2207d478e16e8541ecfcf99059c, 1958.0237, 0.0320
395, 0x7ea3d4301656eb616c7b993464338b14551224ee, 1947, 0.0319
396, 0xc1b2e383001fd092ae7ccbd12f0718fdeaf42456, 1945.653552, 0.0318
397, 0x24c48691b6d8338356fdaac2bc2fd5de4933d450, 1943.6642000000000001, 0.0318
398, 0x893f589c98a49263a2a7d4d7d59a46e08cdcbad0, 1940, 0.0318
399, 0xe7b8031c6b5d140599e67a9ead4fe295e52345ad, 1940, 0.0318
400, 0xc9f5296eb3ac266c94568d790b6e91eba7d76a11, 1931.81299147239012, 0.0316
401, 0x8241ab85ed1a59412982f48159673679acb38827, 1930.21602106, 0.0316
402, 0x33beed1853747aad59ae4f6fb6261a1f9a6a07d6, 1926.7, 0.0315
403, 0x396f110ff1dc20d91bdcb4036c18ad118d9235fa, 1920, 0.0314
404, 0xbcbdfbfb04d5811d50d355ab7564d6500243b1a8, 1907.119142454322632226, 0.0312
405, 0x3f126bcf7406f684ca8d43c339445e93c0b56c73, 1901.1077796, 0.0311
406, 0x9812debd5e069fb77e20d54ef7935d52d7210097, 1900, 0.0311
407, 0xb6ded3fbba686e2b1bb56fe426d92d7d06edb910, 1896.9286142, 0.0310
408, 0x31491077b8150610904eb5c9eb4d12d67b61be01, 1888.88734088, 0.0309
409, 0xb0637996070344c8c629fc033dcaba3e0d9da0b7, 1884.3292185130663336, 0.0308
410, 0xac80aad8c60d4f58b361641826c08921f75a6a53, 1869.96242115, 0.0306
411, 0xcb6e1812bf7714e1046b94f82f055baa6c02fe21, 1868.848, 0.0306
412, 0xa5ae3492c472c19dadbf62fe1a0a1ca9c903fbe6, 1866.312902853389916105, 0.0305
413, 0x8cb9cd6c1b94576807e1f6bf3f1a1c5fafdb6bc7, 1860.525, 0.0305
414, 0x4a160004ca35cf4419c0d17ebfc1893cc07c0569, 1860, 0.0304
415, 0x583c8206eb00589c9de61a214fc6565729326ec5, 1860, 0.0304
416, 0xe3f64482595741492935f7e9c8136963a334b569, 1856.689076049219584737, 0.0304
417, 0xc3018781c615397dd1bf0125217a48019fa8340d, 1835.71214598, 0.0300
418, 0x5ea7f1199f4a57eafb5dfee4e8046e86b16819ec, 1834.567276790715380585, 0.0300
419, 0xcd1119aab735e70f2af71d28f7b48fc22902240e, 1833.610028179804374561, 0.0300
420, 0x015097f376fa7a6daeeedffa314b261f66ed5e0a, 1826.298772534222841844, 0.0299
421, 0x46ba315607e7553346b0cfd5e7a3e006f2731033, 1820, 0.0298
422, 0xecd577fc6a76524cac13e2e49055ba9b67ac6d82, 1820, 0.0298
423, 0xb3218f9443b867b62cba5b883b4d9a3a74c143b6, 1820, 0.0298
424, 0x6939bc0687a10b52b017952a8f1fded86995e70f, 1820, 0.0298
425, 0xcd2ddb17de19eb10fb423956ec6758adf13ae49e, 1813.3405, 0.0297
426, 0x018bb3460956186c10a102864eee72beb1eb699a, 1808.343082535510336601, 0.0296
427, 0xf1556137e7f45817e774096c5922f32c68ab15ae, 1807.679736, 0.0296
428, 0x365f82a29d79a223b96e3143b37845f47b61c1f5, 1800.42647094677523857, 0.0295
429, 0x4653ae7560698e18c34b6f0dde5f2c54bd500373, 1798.238693538845989442, 0.0294
430, 0x97c55ad5536a6a57971def4efcc969a7d55f1dd7, 1795.358, 0.0294
431, 0x7c151b01424c7c0f3cfebdc463593ab3c46a03d5, 1791.33302184, 0.0293
432, 0xbf9993bb22b5dd5a4c7bbae27ff12e11cb5d03ce, 1785.08012, 0.0292
433, 0xe811638f0752b9ac8414661f12785edcc9c6236b, 1764.11821339, 0.0289
434, 0xb91900d31297af1192fa3b43ad4c9754d99a0eda, 1760, 0.0288
435, 0x0a306d5d7ed37b8cd74dea6220621b02e0d68bee, 1760, 0.0288
436, 0xe5517323e660ddcd6f784309fb5cd2c72b315da2, 1753.5172734375, 0.0287
437, 0x872f3ab86ab1b197570a606e0ba3dba8155c7765, 1745.66698338, 0.0286
438, 0x177b74a3c77c466029406c9ebdc3f3fdabdb41c5, 1744.18, 0.0285
439, 0x866197172600d7f3918f7d56074a4aa25694895b, 1740, 0.0285
440, 0x5f694b58f50683fca10242446d6c4ff45e72942b, 1740, 0.0285
441, 0xaeff2227627070442a8234e71c8896fa1b4686e7, 1738.332623792584727662, 0.0285
442, 0xbd5ed7e9fbdb6a7e7e91f9152ad7e33538cc3be0, 1735.125635940350144279, 0.0284
443, 0xf720765ad4e6e075f5780ef3fdfeb63cba8c3032, 1733.1841679, 0.0284
444, 0x6c2fe33b7693751671b25e237ea3abf2a1b1a6cb, 1723.521027439910160492, 0.0282
445, 0xf9ffd150569c991297edd9321989c4636782605d, 1717.89171746, 0.0281
446, 0xb658cdcfa2d8a87aa8c88aacc3215e2243d724f7, 1708.83153259, 0.0280
447, 0x525eaf11c28c2434da868e4eed9c9e1f45e60227, 1706.468312, 0.0279
448, 0x8f1e3ed31f3b23e2f8ebfc513a8df19d7ef059bc, 1706.02216, 0.0279
449, 0xe231e70f3d2d833ecef78b2240f0838f968dd646, 1700, 0.0278
450, 0x921c4bb10730d9e77e91574e0d9be15cc5f7587e, 1700, 0.0278
451, 0xc6e585effd0875b41fa296e06771d44b5cea537c, 1700, 0.0278
452, PancakeSwap V2: FIL-FilBlue, 1698.910024739713396224, 0.0278
453, 0x67c17275d8e7fe32aab1e81b3ac421e5faef068b, 1693.1679611, 0.0277
454, 0xd8ce091517cd2485ed10e11c98c1512e1f5ac984, 1692.013102243946509115, 0.0277
455, 0x1183e3048c3a13c2583b769c3b89e0302012f5f0, 1690, 0.0277
456, 0x0c20d21c9c7dcaf70dd500a80bd822edb1e7c644, 1689.95, 0.0277
457, 0xc4fd25252a7405215ae30ded62416ba1b3d0266d, 1688.539810552350705767, 0.0276
458, 0x5bd603eb0816d2cf35b927ded59a53b5a2b18fca, 1671.030654070496107386, 0.0273
459, 0x6e10518cf8115ac9c0dc4629523481d098f2e29a, 1668.106452263958097338, 0.0273
460, 0x85dc155fedf41bfa17b8f2c8c00c4ecacb0ef261, 1657.33900076, 0.0271
461, 0x4dad2055b6c21df9b5f0a0d7e72a9d944560a944, 1655.13457743, 0.0271
462, 0xb4d54a94df8afc248a3cfc4cb112f8f819fb5ea3, 1651.442151993405484894, 0.0270
463, 0x97eb212bace4d6fd73968f405326620127e83165, 1649.406138429066093835, 0.0270
464, 0x9d36d3b4f257eb1bef8a7c077388e248add47070, 1647.8927, 0.0270
465, 0x4937b5e84ac56af5426705916893d293bcc8af1f, 1647.172455997873109266, 0.0270
466, 0x309dd049fd9a7b94203c0fa54f984e9e047b22ca, 1645.307267299616818597, 0.0269
467, 0x83108a79480a9c77c86dc65ac5f46f0e125b7d4b, 1629.658882246619845362, 0.0267
468, 0x6d80d70f4889d11fe09a242be4fae09b59349fc9, 1620, 0.0265
469, 0xc5ee9c8fd45c68374a21a9947615b4854b5662dd, 1618.06303033, 0.0265
470, 0xebdfeb9f53cace5da4e1190e132f160e11983c44, 1616.591921734972683878, 0.0265
471, 0xe7761cdf660103d7762d0de28482f9d84fc569ba, 1610.05528, 0.0264
472, 0x5258a0216e3d1191e923b8056a66d55013b5abc4, 1609.08491, 0.0263
473, 0x14427157a5de2d5cfa08fd0cdbd159a413c83329, 1605.751, 0.0263
474, 0x02b1ac679382bdf90006486961eed374835a3186, 1603.826147897898451297, 0.0262
475, 0xf64c2eb627f02e9bc6664584abc3e87238e70f1d, 1602.7454, 0.0262
476, 0xbbff135bc6f3509eac3a715ad3415954d9b265a4, 1600, 0.0262
477, 0xdae80a512f1b4d0d1ab61e4534ab6292b3089d0c, 1600, 0.0262
478, 0xc05894bd92f6e9a86cd57fa0c40575359830b955, 1592.338286041959772543, 0.0261
479, 0x1d294218a9eb05c5a4a87f762a24c145813537ca, 1592.187538494020845234, 0.0261
480, 0x7227b143258162a1dc6075e28f7375c4f43d13dc, 1592, 0.0261
481, 0xcea6d1c73733074ed2d3bdd32b9186b60d60e6f5, 1586.147006537205384629, 0.0260
482, 0xf0e1d5891fef4ee54bc603a5d4e2245ad93f4ca6, 1583.691612700563490293, 0.0259
483, 0x36922388ec7fc42fb26f69b78050ab7c55840ec2, 1580.243717561981944221, 0.0259
484, 0x80a7c7ca5b1f27091861085e9e56fd99172b8424, 1575.069605414899914855, 0.0258
485, 0xa1515da8be833a194fdd6dea7857914d7346691d, 1573.4105824, 0.0258
486, 0x874f7e83a3f22e35745dd13fd6b5092e02fab771, 1569.94974582655113925, 0.0257
487, 0x9563920372bf81c7c71c54f01d944f1930dd0208, 1568.12138, 0.0257
488, 0xcc6da07c687ccd719fd2458e559b0f2db18bc36d, 1567.25219, 0.0257
489, 0x4ebfed19ef42f5dd105d1b5f8b3640e9941324ee, 1560, 0.0255
490, 0x022c76c5ddb9e99c6aee0aaf666fe15bcb32e53d, 1560, 0.0255
491, 0xad7be018c41a0e7097fa9f514fc224b30a2b9474, 1553.3211, 0.0254
492, 0x2b8614178562273a360613353d02638eacb24c65, 1550, 0.0254
493, 0x4c1eca70c4c9744a0c77a89f7311ca4fdf9a54d2, 1544.462413670559458342, 0.0253
494, 0x33ff904e7628dd24814b3c7638d4a9144112b2c7, 1540.716691487830959449, 0.0252
495, 0x26f83ac8b5f99a4b81f2df19103af88b5df95a7c, 1540.282, 0.0252
496, 0x10514a9102af32548db847b2f985011aaa129e9e, 1540, 0.0252
497, 0x4e2d275620987ce9fbeb2489c6310c31bdfcf717, 1533.077999246055691197, 0.0251
498, 0x178b2f3e581990d8e9de31eaf23202c7f614f2b0, 1532.16113325, 0.0251
499, 0xd8a3b07fca0b03fff71e09450c48a73f8ab866d3, 1527.833548420000000323, 0.0250
500, 0x4dc1d015989c24fec7d8dda7b0d304737eb41618, 1527.089, 0.0250
